"name_el","OGC_FID","WKT_GEOMETRY","id","name","x","y","cat","url"
"Αγγίδια","1","POINT (25.402157523747821 37.096115272635878)","0","Aggidia","                      624455.650","                     4106166.130","1","http://www.naxos.gov.gr/zoomify_naxos/xoria/pages/Aggidia.htm"
"Άγιος Θαλέλαιος","2","POINT (25.421088953100089 37.097512403517271)","1","Agios Thaleleos","                      626135.800","                     4106346.140","1","http://www.naxos.gov.gr/zoomify_naxos/xoria/pages/ag_thalelaios.htm"
"Αγερσανί","3","POINT (25.39208388795554 37.062160907834077)","2","Agersani","                      623615.580","                     4102385.920","1","http://www.naxos.gov.gr/zoomify_naxos/xoria/pages/agersani.htm"
"Ακαδήμοι","4","POINT (25.485912672831507 37.063185962691378)","3","Akadimi","                      631956.280","                     4102625.940","1","http://www.naxos.gov.gr/zoomify_naxos/xoria/pages/akadhmoi.htm"
"Απείρανθος","5","POINT (25.520485153295457 37.070860224990923)","4","Apeiranthos","                      635016.540","                     4103525.980","1","http://www.naxos.gov.gr/zoomify_naxos/xoria/pages/apeiranthos.htm"
"Απόλλωνας","6","POINT (25.552420039034331 37.180450668703344)","5","Apollonas","                      637656.760","                     4115730.640","1","http://www.naxos.gov.gr/zoomify_naxos/xoria/pages/apolonas.htm"
"Δαμαλάς","7","POINT (25.470164459199928 37.051483693760701)","6","Damalas","                      630576.170","                     4101305.860","1","http://www.naxos.gov.gr/zoomify_naxos/xoria/pages/damalas.htm"
"Δαμαριώνας","8","POINT (25.479634371926643 37.052663977773371)","7","Damarionas","                      631416.240","                     4101449.870","1","http://www.naxos.gov.gr/zoomify_naxos/xoria/pages/damarionas.htm"
"Δανακός","9","POINT (25.525428606205125 37.048081758018355)","8","Danakos","                      635496.580","                     4101005.850","1","http://www.naxos.gov.gr/zoomify_naxos/xoria/pages/danakos.htm"
"Εγγαρές","10","POINT (25.436317713414581 37.117339841310233)","9","Eggares","                      627455.910","                     4108566.260","1","http://www.naxos.gov.gr/zoomify_naxos/xoria/pages/eggares.htm"
"Φιλότι","11","POINT (25.498523959107835 37.052426846035686)","10","Filoti","                      633096.380","                     4101449.870","1","http://www.naxos.gov.gr/zoomify_naxos/xoria/pages/filoti.htm"
"Γαλήνη","12","POINT (25.426199492890298 37.11800281106801)","11","Galini","                      626555.830","                     4108626.260","1","http://www.naxos.gov.gr/zoomify_naxos/xoria/pages/galhnh.htm"
"Γαλανάδο","13","POINT (25.410552229794902 37.07546373347472)","12","Galanado","                      625235.720","                     4103886.000","1","http://www.naxos.gov.gr/zoomify_naxos/xoria/pages/galanado.htm"
"Γλινάδο","14","POINT (25.402497288824748 37.070583523298453)","13","Glinado","                      624527.660","                     4103333.970","1","http://www.naxos.gov.gr/zoomify_naxos/xoria/pages/glinado.htm"
"Καλόξυλος","15","POINT (25.488674967589958 37.066396257002985)","14","Kaloxilos","                      632196.300","                     4102985.950","1","http://www.naxos.gov.gr/zoomify_naxos/xoria/pages/kaloxylos.htm"
"Κεραμί","16","POINT (25.488558732905631 37.060448565579087)","15","Kerami","                      632196.300","                     4102325.920","1","http://www.naxos.gov.gr/zoomify_naxos/xoria/pages/kerami.htm"
"Κεραμοτή","17","POINT (25.515851417600409 37.109318637099129)","16","Keramoti","                      634536.500","                     4107786.210","1","http://www.naxos.gov.gr/zoomify_naxos/xoria/pages/keramoth.htm"
"Κωμιακή","18","POINT (25.528732151265089 37.145388757842369)","17","Komiaki","                      635616.590","                     4111806.430","1","http://www.naxos.gov.gr/zoomify_naxos/xoria/pages/komiaki.htm"
"Κόρωνος","19","POINT (25.536286323991721 37.118033400795085)","18","Koronos","                      636336.650","                     4108782.270","1","http://www.naxos.gov.gr/zoomify_naxos/xoria/pages/koronos.htm"
"Κουρουνοχώρι","20","POINT (25.443978819725356 37.09399082373087)","19","Kourounohori","                      628175.970","                     4105986.120","1","http://www.naxos.gov.gr/zoomify_naxos/xoria/pages/korounoxori.htm"
"Κυνίδαρος","21","POINT (25.480576211415965 37.10111111542448)","20","Kinidaros","                      631416.240","                     4106826.160","1","http://www.naxos.gov.gr/zoomify_naxos/xoria/pages/kynidaros.htm"
"Μέλανες","22","POINT (25.437147016246076 37.089747089219166)","21","Melanes","                      627575.920","                     4105506.090","1","http://www.naxos.gov.gr/zoomify_naxos/xoria/pages/melanes.htm"
"Μέση","23","POINT (25.553103069807637 37.147776032320898)","22","Mesi","                      637776.770","                     4112106.450","1","http://www.naxos.gov.gr/zoomify_naxos/xoria/pages/mesi.htm"
"Μονή","24","POINT (25.497744532346889 37.081425532486968)","23","Moni","                      632976.370","                     4104666.050","1","http://www.naxos.gov.gr/zoomify_naxos/xoria/pages/moni.htm"
"Μονοίτσια","25","POINT (25.482644359431482 37.068635208548201)","24","Monoitsia","                      631656.260","                     4103225.970","1","http://www.naxos.gov.gr/zoomify_naxos/xoria/pages/monoitsia.htm"
"Μύλοι","26","POINT (25.443876217674941 37.088583634169318)","25","Miloi","                      628175.970","                     4105386.080","1","http://www.naxos.gov.gr/zoomify_naxos/xoria/pages/myloi.htm"
"Ποταμιά","27","POINT (25.442926205197708 37.0669616636496)","26","Potamia","                      628127.960","                     4102985.950","1","http://www.naxos.gov.gr/zoomify_naxos/xoria/pages/potamia.htm"
"Σαγκρί","28","POINT (25.434859658894556 37.040017500639905)","27","Sagkri","                      627455.910","                     4099985.790","1","http://www.naxos.gov.gr/zoomify_naxos/xoria/pages/sagkri.htm"
"Σκαδό","29","POINT (25.537805166097026 37.126342460028717)","28","Skado","                      636456.660","                     4109706.320","1","http://www.naxos.gov.gr/zoomify_naxos/xoria/pages/skado.htm"
"Τραγαία Χαλκί","30","POINT (25.482539109080605 37.063228179285232)","29","Tragaia-Xalki","                      631656.260","                     4102625.940","1","http://www.naxos.gov.gr/zoomify_naxos/xoria/pages/tragaia.htm"
"Τσικαλαριό","31","POINT (25.471764371702335 37.064443987652702)","30","Tsikalario","                      630696.180","                     4102745.940","1","http://www.naxos.gov.gr/zoomify_naxos/xoria/pages/tsikalario_xeimaros.htm"
"Βουρβουριά","32","POINT (25.478385818906279 37.057871579008804)","31","Vourvouria","                      631296.230","                     4102025.900","1","http://www.naxos.gov.gr/zoomify_naxos/xoria/pages/vourvouria.htm"
"Βίβλος-Τρίποδες","33","POINT (25.406078611866267 37.059832489339399)","32","Vivlos-Tripodes","                      624863.690","                     4102145.910","1","http://www.naxos.gov.gr/zoomify_naxos/xoria/pages/vivlos.htm"
"Χείμαρος","34","POINT (25.471712137936205 37.061740503532768)","33","Xeimaros","                      630696.180","                     4102445.930","1","http://www.naxos.gov.gr/zoomify_naxos/xoria/pages/tsikalario_xeimaros.htm"
"Άγιος Γεώργιος","35","POINT (25.374502204520034 37.09762887136656)","34","Agios Georgios","                      621995.450","                     4106298.130","2","http://www.naxos.gov.gr/zoomify_naxos/paralies/pages/agios_georgios.htm"
"Άγιος Προκόπιος","36","POINT (25.347099431805024 37.07533615457065)","35","Agios Prokopios","                      619595.250","                     4103790.000","2","http://www.naxos.gov.gr/zoomify_naxos/paralies/pages/agios_prokopios.htm"
"Αγία Άννα","37","POINT (25.35533882896268 37.06799490555219)","36","Agia Anna","                      620339.310","                     4102985.950","2","http://www.naxos.gov.gr/zoomify_naxos/paralies/pages/agia_anna.htm"
"Πλάκα","38","POINT (25.365604033639734 37.053274417540038)","37","Plaka","                      621275.390","                     4101365.870","2","http://www.naxos.gov.gr/zoomify_naxos/paralies/pages/plaka.htm"
"Ορκός","39","POINT (25.376080473953888 37.035521745921614)","38","Orkos","                      622235.470","                     4099409.760","2","http://www.naxos.gov.gr/zoomify_naxos/paralies/pages/orkos.htm"
"Μικρή Βίγλα","40","POINT (25.370823910402471 37.028335281300421)","39","Mikri Vigla","                      621779.430","                     4098605.720","2","http://www.naxos.gov.gr/zoomify_naxos/paralies/pages/mikrh_vigla.htm"
"Καστράκι","41","POINT (25.382020869438225 37.005922506237638)","40","Kastraki","                      622811.520","                     4096133.590","2","http://www.naxos.gov.gr/zoomify_naxos/paralies/pages/kastraki.htm"
"Αλυκό","42","POINT (25.390133371661353 36.97737909648265)","41","Aliko","                      623579.580","                     4092977.420","2","http://www.naxos.gov.gr/zoomify_naxos/paralies/pages/aliko.htm"
"Πυργάκι","43","POINT (25.401934131091643 36.973887050855417)","42","Pirgaki","                      624635.670","                     4092605.400","2","http://www.naxos.gov.gr/zoomify_naxos/paralies/pages/pyrgaki.htm"
"Αγιασός","44","POINT (25.423329504365054 36.964437979595594)","43","Agiasos","                      626555.830","                     4091585.340","2","http://www.naxos.gov.gr/zoomify_naxos/paralies/pages/agiasos.htm"
"Καλαντός","45","POINT (25.471285670286939 36.934647648801104)","44","Kalantos","                      630876.190","                     4088345.170","2","http://www.naxos.gov.gr/zoomify_naxos/paralies/pages/kalantos.htm"
"Πάνορμος","46","POINT (25.53710089047031 36.957611096586952)","45","Panormos","                      636696.680","                     4090985.310","2","http://www.naxos.gov.gr/zoomify_naxos/paralies/pages/panormos.htm"
"Ψιλή Άμμος","47","POINT (25.57061987446583 37.014501140332051)","46","Psili Ammos","                      639576.930","                     4097345.650","2","http://www.naxos.gov.gr/zoomify_naxos/paralies/pages/psili_ammos.htm"
"Μουτσούνα","48","POINT (25.58771250871369 37.077442742176324)","47","Moutsouna","                      640981.040","                     4104354.030","2","http://www.naxos.gov.gr/zoomify_naxos/paralies/pages/moytsoyna.htm"
"Λιώνας","49","POINT (25.587370022311006 37.138668743507182)","48","Lionas","                      640837.030","                     4111146.390","2","http://www.naxos.gov.gr/zoomify_naxos/paralies/pages/lionas.htm"
"Απόλλωνας","50","POINT (25.55322986942074 37.18038597451968)","49","Apollonas","                      637728.770","                     4115724.640","2","http://www.naxos.gov.gr/zoomify_naxos/paralies/pages/apollonas.htm"
"Αμπράμ","51","POINT (25.478631072530565 37.173974512219523)","50","Abram","                      631117.410","                     4114907.400","2","http://www.naxos.gov.gr/zoomify_naxos/paralies/pages/abraam.htm"
"Αμίτης","52","POINT (25.434250136472347 37.136618538295501)","51","Amitis","                      627239.890","                     4110702.370","2","http://www.naxos.gov.gr/zoomify_naxos/paralies/pages/ammitis.htm"
"Πορτάρα","53","POINT (25.371626943789135 37.110426036594262)","52","Portara","                      621719.420","                     4107714.210","3","http://www.naxos.gov.gr/zoomify_naxos/istoria/pages/portara.htm"
"Ναός Δήμητρας","54","POINT (25.430609546374082 37.029252016094716)","53","Naos Dimitras","                      627095.880","                     4098785.730","3","http://www.naxos.gov.gr/zoomify_naxos/istoria/pages/naosdhmhtras.htm"
"Ύρια","55","POINT (25.379672996414911 37.077449518299531)","54","Yria","                      622487.490","                     4104066.010","3","http://www.naxos.gov.gr/zoomify_naxos/istoria/pages/yria.htm"
"Κούρος Μελανών","56","POINT (25.451612952295338 37.083621633868447)","55","Kouros Melanon","                      628872.030","                     4104846.050","3","http://www.naxos.gov.gr/zoomify_naxos/istoria/pages/koyrosmelanon.htm"
"Κόρη Μελάνων Ποταμιάς","57","POINT (25.453855946137022 37.080890025490284)","56","Kori Melanon","                      629076.040","                     4104546.040","3","http://www.naxos.gov.gr/zoomify_naxos/istoria/pages/korh.htm"
"Κούρος Απόλωνα","58","POINT (25.548333562211077 37.178935757475188)","57","Kouros Apollona","                      637296.730","                     4115556.630","3","http://www.naxos.gov.gr/zoomify_naxos/istoria/pages/koyrosapolona.htm"
"Πύργος Χειμάρου","59","POINT (25.52060515388947 36.995682457503968)","58","Pyrgos Ximarou","                      635160.550","                     4095185.540","3","http://www.naxos.gov.gr/zoomify_naxos/istoria/pages/pyrgos.htm"
"Άγιος Γεώργιος Λαθρίνου","60","POINT (25.439691993897206 37.024382724490067)","59","Agios Georgios Lathrinos","                      627911.940","                     4098257.700","4","http://www.naxos.gov.gr/zoomify_naxos/byzantioum/pages/agios_georgios_lathrinos."
"Άγιος Ιωάννης Θεολόγος","61","POINT (25.443695373254364 37.02206257350926)","60","Agios Ioannis Theologos","                      628271.970","                     4098005.690","4","http://www.naxos.gov.gr/zoomify_naxos/byzantioum/pages/ioannhs_adysarou.htm"
"Αγιος Στέφανος Μαραθός","62","POINT (25.444381485760694 36.998440988066662)","61","Ag Stefanos Marathos","                      628372.780","                     4095385.950","4","http://www.naxos.gov.gr/zoomify_naxos/byzantioum/pages/stefanos_marathos.htm"
"Παναγιά Καλορίτσα","63","POINT (25.455039820603208 37.036851235919386)","62","Panagia Kaloritsa","                      629256.060","                     4099661.780","4","http://www.naxos.gov.gr/zoomify_naxos/byzantioum/pages/kaloritsa.htm"
"Παναγιά Αρχατού","64","POINT (25.442751009127509 36.979239111588114)","63","Panagia Archatou","                      628259.970","                     4093253.430","4","http://www.naxos.gov.gr/zoomify_naxos/byzantioum/pages/panagia_arxatoy.htm"
"Άγιος Θωμάς","65","POINT (25.436998490297821 37.024631701607909)","64","Agios Thomas","                      627671.920","                     4098281.700","4","http://www.naxos.gov.gr/zoomify_naxos/byzantioum/pages/thomas.htm"
"Άγιος Επιφάνειος","66","POINT (25.423689526005074 37.01992453340182)","65","Agios Epifanios","                      626495.830","                     4097741.670","4","http://www.naxos.gov.gr/zoomify_naxos/byzantioum/pages/epifaneios.htm"
"Μεταμόρφωση","67","POINT (25.435201789544543 37.029521043700072)","66","Metamorfosi","                      627503.910","                     4098821.730","4","http://www.naxos.gov.gr/zoomify_naxos/byzantioum/pages/metamorfosh.htm"
"Παναγιά της Σπηλιάς","68","POINT (25.457792429949148 37.027677180672491)","67","Panagia Sphlias","                      629516.480","                     4098647.720","4","http://www.naxos.gov.gr/zoomify_naxos/byzantioum/pages/panagia_sphlias.htm"
"Άγιος Ιωάννης Ροαλίδια","69","POINT (25.449081277319564 37.029330707011589)","68","Ag Ioannhs Roalidia","                      628738.810","                     4098819.330","4","http://www.naxos.gov.gr/zoomify_naxos/byzantioum/pages/ioannhs_roalidia.htm"
"Άγιος Ιωάννης Αρχατού","70","POINT (25.4449922648617 36.982251423533604)","69","Ag Ioannhs Arhato","                      628454.390","                     4093590.650","4","http://www.naxos.gov.gr/zoomify_naxos/byzantioum/pages/ioannhs_arxatos.htm"
"Παναγιά Αρκουλού","71","POINT (25.446970003742017 37.035381488274133)","70","Panagia Arkoulou","                      628540.800","                     4099487.770","4","http://www.naxos.gov.gr/zoomify_naxos/byzantioum/pages/panagia_arkoulou.htm"
"Ζωοδόχος Πηγή Μουτσούνα","72","POINT (25.554285188960051 37.089297112432874)","71","Zoodohos Phgh Moutsouna","                      637987.990","                     4105620.100","4","http://www.naxos.gov.gr/zoomify_naxos/byzantioum/pages/zoodoxos_phgh_apeiranthos"
"Άγιοι Απόστολοι Μετόχι","73","POINT (25.487208069241255 37.060400612009886)","72","Ag Apostoloi Metohi","                      632076.290","                     4102318.720","4","http://www.naxos.gov.gr/zoomify_naxos/byzantioum/pages/apostoloi_metohi.htm"
"Παναγιά Μοναστηριώτισσα Εγγαρών","74","POINT (25.446858071982895 37.115448456707647)","73","Panagia Monasthriotisa Eggares","                      628395.590","                     4108370.640","4","http://www.naxos.gov.gr/zoomify_naxos/byzantioum/pages/panagia_monasthriotisa.ht"
"Ταξιάρχης Μονοίτσια","75","POINT (25.479564904172722 37.068543871880792)","74","Taxiarhis Monitsia","                      631382.640","                     4103211.570","4","http://www.naxos.gov.gr/zoomify_naxos/byzantioum/pages/taxiarxhs_monitsia.htm"
"Άγιος Ισίδωρος Μονοίτσια","76","POINT (25.482316082254066 37.074653356028122)","75","Ag Isidoros Monitsia","                      631616.660","                     4103893.200","4","http://www.naxos.gov.gr/zoomify_naxos/byzantioum/pages/isidoros_monitsia.htm"
"Άγιος Παντελεήμονας Απειράνθου","77","POINT (25.541992912152455 37.069046557511747)","76","Ag Panteleimonas Apeiranthos","                      636931.900","                     4103355.570","4","http://www.naxos.gov.gr/zoomify_naxos/byzantioum/pages/pantelaihmonas_apeirantho"
"Άγιος Ιωάννης Απειράνθου","78","POINT (25.531027088270811 37.056717047580406)","77","Ag Ioannis Apeiranthos","                      635979.020","                     4101971.900","4","http://www.naxos.gov.gr/zoomify_naxos/byzantioum/pages/ioannhs_theologos_grammat"
"Άγιος Γεώργιος Διασορίτης","79","POINT (25.480501848926259 37.066055101008892)","78","Ag Georgios Diasoritis","                      631470.240","                     4102936.750","4","http://www.naxos.gov.gr/zoomify_naxos/byzantioum/pages/agios_georgios_diasoriths"
"Παναγιά Γιαλούς","80","POINT (25.441628152433815 36.953302917947227)","79","Panagia Gialous","                      628203.570","                     4090374.480","4","http://www.naxos.gov.gr/zoomify_naxos/byzantioum/pages/panagia_ths_gialous.htm"
"Άγιος Σώζος Γιαλούς","81","POINT (25.44895389142923 36.955095888223902)","80","Agios Sozos Gialous","                      628852.820","                     4090583.290","4","http://www.naxos.gov.gr/zoomify_naxos/byzantioum/pages/sozos_agiasoos.htm"
"Άγιος Ευστάθιος Φιλοτίου ","82","POINT (25.482492412153601 37.019885942155454)","81","Ag Efstathios Filoti","                      631727.070","                     4097817.280","4","http://www.naxos.gov.gr/zoomify_naxos/byzantioum/pages/eystathios_mikraria_filot"
"Άγιοι Ανάργυροι Ποταμιά","83","POINT (25.438740261411208 37.076174376253014)","82","Ag Anargiroi Potamia","                      627740.330","                     4104002.410","4","http://www.naxos.gov.gr/zoomify_naxos/byzantioum/pages/anargyroi_potamia.htm"
"Παναγιά Χώρας","84","POINT (25.375539280397927 37.1064434256377)","83","Panagia Xora","                      622073.450","                     4107277.390","4","http://www.naxos.gov.gr/zoomify_naxos/byzantioum/pages/panagia_xora.htm"
"Άγιος Παχόμιος Απειράνθου","85","POINT (25.523060784848649 37.064650917260231)","84","Ag Pahomios Apiranthos","                      635256.560","                     4102840.750","4","http://www.naxos.gov.gr/zoomify_naxos/byzantioum/pages/paxomios_apeiranthos.htm"
"Άγιος Ερμόλαγος Απειράνθου ","86","POINT (25.52346104401747 37.06441863856459)","85","Ag Ermylagos Apiranthos","                      635292.560","                     4102815.550","4","http://www.naxos.gov.gr/zoomify_naxos/byzantioum/pages/ermylagos_apeiranthos.htm"
"Άγιος Ιωάννης Φλεριό","87","POINT (25.450155641625869 37.087922933346107)","86","Ag Ioannis Flerio","                      628735.210","                     4105321.280","4","http://www.naxos.gov.gr/zoomify_naxos/byzantioum/pages/flerios_ioannhs.htm"
"Παναγιά Αβδελιώτισσα Λιώνα","88","POINT (25.577388717484375 37.137525735965696)","87","Panagia Avdeliotisa Lionas","                      639952.560","                     4111004.790","4","http://www.naxos.gov.gr/zoomify_naxos/byzantioum/pages/abdeliotisa_lionas.htm"
"Προφήτης Ηλίας Χώρας","89","POINT (25.375625771102818 37.105998867044534)","88","Profitis Hlias Hora","                      622081.850","                     4107228.180","4","http://www.naxos.gov.gr/zoomify_naxos/byzantioum/pages/hlias_xora.htm"
"Άγιος Γεώργιος","90","POINT (25.375595819897686 37.10807610848218)","89","Ag Georgios Hora","                      622075.850","                     4107458.600","4","http://www.naxos.gov.gr/zoomify_naxos/byzantioum/pages/agios_georgios_xora.htm"
"Άγιος Γεώργιος","91","POINT (25.450747268629772 37.112577830751725)","90","Ag Georgios Eggares","                      628746.010","                     4108057.430","4","http://www.naxos.gov.gr/zoomify_naxos/byzantioum/pages/agios_georgios_egkares.ht"
"Αγία Ειρήνη Γαλανάδου","92","POINT (25.41515228236446 37.070195240061842)","91","Ag Eirini Galanado","                      625653.350","                     4103307.570","4","http://www.naxos.gov.gr/zoomify_naxos/byzantioum/pages/eirhnh_galanado.htm"
"Αγία Αναστασία Φιλοτίου","93","POINT (25.482857188808982 37.028242773185958)","92","Ag Anastasia Filoti","                      631745.070","                     4098744.930","4","http://www.naxos.gov.gr/zoomify_naxos/byzantioum/pages/anastasia_filoti.htm"
"Άγιος Νικήτας","94","POINT (25.449963979019781 37.039563449371244)","93","Ag Nikhtas Mpaouzi","                      628800.020","                     4099955.790","4","http://www.naxos.gov.gr/zoomify_naxos/byzantioum/pages/nikhtas.htm"
"Παναγιά Θεοσκέπαστη Κάστρου","95","POINT (25.450709085347881 37.011343998763145)","94","Theoskepasth Kastro","                      628914.030","                     4096826.020","4","http://www.naxos.gov.gr/zoomify_naxos/byzantioum/pages/theoskepasth_kastro.htm"
"Αγία Παρασκευή Τσικαλαριού","96","POINT (25.476473855317114 37.063682403788896)","95","Ag Paraskevi Tsikalario","                      631116.210","                     4102667.940","4","http://www.naxos.gov.gr/zoomify_naxos/byzantioum/pages/paraskeyh.htm"
"Άγιος Ιωάννης Θεολόγος Καλοξύλου","97","POINT (25.499063024467063 37.065421754538789)","96","Ioannis Theologos Kaloxylos","                      633121.580","                     4102892.350","4","http://www.naxos.gov.gr/zoomify_naxos/byzantioum/pages/ioannhs_kaloxylos.htm"
"Μονή Φωτοδότη","98","POINT (25.521526952447285 37.05070619517339)","97","Monh Fotodoth","                      635144.950","                     4101291.460","4","http://www.naxos.gov.gr/zoomify_naxos/byzantioum/pages/fotodoths.htm"
"Ταξιάρχης - Άγιο Πνεύμα Εγγαρών","99","POINT (25.440854847467236 37.120832646743651)","98","Taxiarhis Ag Pnevma Eggares","                      627853.140","                     4108959.880","4","http://www.naxos.gov.gr/zoomify_naxos/byzantioum/pages/taxiarxhs_egkares_agio_pn"
"Γέννηση Εγγαρών","100","POINT (25.446050342300602 37.118432922790944)","99","Gennisi Eggares","                      628318.780","                     4108700.660","4","http://www.naxos.gov.gr/zoomify_naxos/byzantioum/pages/gennhsh_egkares.htm"
"Αγία Μαρίνα ","101","POINT (25.432670389496533 37.020454690597504)","100","Ag Marina Lathrinos","                      627293.890","                     4097812.480","4","http://www.naxos.gov.gr/zoomify_naxos/byzantioum/pages/marina_lathrinos.htm"
"Άγιος Παντελεήμονας Τσικαλαριού","102","POINT (25.462502982677254 37.067165429091986)","101","Ag Panteleimonas Tsikalario","                      629868.110","                     4103035.160","4","http://www.naxos.gov.gr/zoomify_naxos/byzantioum/pages/panteleimonas_tsikalario."
"Άγιος Ανδρέας Ποταμιάς","103","POINT (25.457175836953539 37.067414874549655)","102","Ag Andreas Potamia","                      629394.070","                     4103055.560","4","http://www.naxos.gov.gr/zoomify_naxos/byzantioum/pages/agios_andreas_potamia.htm"
"Άγιος Νικόλαος Ποταμιάς","104","POINT (25.481680048467595 37.068333591507944)","103","Ag Nikolaos Raxh","                      631571.050","                     4103191.170","4","http://www.naxos.gov.gr/zoomify_naxos/byzantioum/pages/nikolaos_raxh.htm"
"Άγιος Ιωάννης - Γεώργιος Σίφωνες","105","POINT (25.512946333387877 37.092957808049285)","104","Ag Ioannis Georgios Sifones","                      634307.280","                     4105966.920","4","http://www.naxos.gov.gr/zoomify_naxos/byzantioum/pages/sifones_ioannhs_georgios."
"Παναγιά Αταλιώτισσα","106","POINT (25.428163536605418 37.122608738427793)","105","Panagia Ataliotisa Galini","                      626722.640","                     4109139.890","4","http://www.naxos.gov.gr/zoomify_naxos/byzantioum/pages/ataliotisa_galhnh.htm"
"Άγιος Θαλέλαιος","107","POINT (25.42040227879431 37.100516801969469)","106","Ag Thaleleos","                      626069.790","                     4106678.550","4","http://www.naxos.gov.gr/zoomify_naxos/byzantioum/pages/thalelaios.htm"
"Παναγιά Ακαδημιώτισσα","108","POINT (25.48623977871911 37.062651782750123)","107","Panagia Akadimiotisa","                      631986.290","                     4102567.130","4","http://www.naxos.gov.gr/zoomify_naxos/byzantioum/pages/akadhmiotisa.htm"
"Άγιος Θεός","109","POINT (25.479931919134788 36.971317775942055)","108","Agios Theos","                      631583.050","                     4092425.390","4","http://www.naxos.gov.gr/zoomify_naxos/byzantioum/pages/agios_theos.htm"
"Άγιος Ελευθέριος","110","POINT (25.51614686650348 37.064501547890515)","109","Ag Eleytherios","                      634642.110","                     4102814.350","4","http://www.naxos.gov.gr/zoomify_naxos/byzantioum/pages/agios_eleytherios.htm"
"Σωτήρας Κουρουνοχωρίου","111","POINT (25.442748447435427 37.0939084556016)","110","Sotiras Kourounohori","                      628066.760","                     4105975.320","4","http://www.naxos.gov.gr/zoomify_naxos/byzantioum/pages/koyroynoxori.htm"
"Ταξιάρχης Χώρας","112","POINT (25.377059131236315 37.106836798608846)","111","Taxiarhis Hora","                      622207.870","                     4107322.990","4","http://www.naxos.gov.gr/zoomify_naxos/byzantioum/pages/taxiarxhs.htm"
"Παναγιά Χιόνων","113","POINT (25.375440067672841 37.106931306472269)","112","Panagia Hionon","                      622063.850","                     4107331.390","4","http://www.naxos.gov.gr/zoomify_naxos/byzantioum/pages/panagia_xionon.htm"
"Άγιος Βαρθολομαίος","114","POINT (25.377970728337768 37.104230134662167)","113","Ag Vartholomeos","                      622293.070","                     4107034.970","4","http://www.naxos.gov.gr/zoomify_naxos/byzantioum/pages/vartholomeos.htm"
"Άγιος Δημήτριος","115","POINT (25.423612599629102 37.075772861931164)","114","Ag Dhmhtrios","                      626396.220","                     4103937.610","4","http://www.naxos.gov.gr/zoomify_naxos/byzantioum/pages/dhmhtrios_potamia.htm"
"Παναγιά","116","POINT (25.403217793876593 37.079650364785522)","115","Panagia Glinado","                      624576.860","                     4104340.830","4","http://www.naxos.gov.gr/zoomify_naxos/byzantioum/pages/panagia_glinado.htm"
"Παναγιά","117","POINT (25.505304394144247 37.084801953439872)","116","Panagia Monh","                      633642.430","                     4105051.270","4","http://www.naxos.gov.gr/zoomify_naxos/byzantioum/pages/panagia_monh.htm"
"Άγιος Γεώργιος Ποταμιάς","118","POINT (25.43076441943364 37.07344766038144)","117","Ag Georgios Potamia","                      627035.870","                     4103689.190","4","http://www.naxos.gov.gr/zoomify_naxos/byzantioum/pages/agios_georgios_potamia.ht"
"Άγιος Ιωάννης Πρόδρομος","119","POINT (25.393248143616553 37.112499487354746)","118","Ag Ioannhs Prodr Hora","                      623637.190","                     4107972.220","4","http://www.naxos.gov.gr/zoomify_naxos/byzantioum/pages/agios_ioannhs_prodromos_x"
" Άγιος Μηνάς Χώρας","120","POINT (25.378592730051526 37.10575889680328)","119","Ag Minas Hora","                      622345.880","                     4107205.380","4","http://www.naxos.gov.gr/zoomify_naxos/byzantioum/pages/mhnas_xora.htm"
"Αγία Κυριακή Τριπόδων","121","POINT (25.402519186720429 37.045380008230225)","120","Ag Kyriakh Tripodes","                      624570.860","                     4100537.820","4","http://www.naxos.gov.gr/zoomify_naxos/byzantioum/pages/kyriakh_tripodes.htm"
"Αγία Κυριακή","122","POINT (25.377663936356143 37.105185617272973)","121","Ag Kyriakh Hora","                      622264.270","                     4107140.580","4","http://www.naxos.gov.gr/zoomify_naxos/byzantioum/pages/kyriakh_xora.htm"
"Άγιος Μάρκος Χώρας","123","POINT (25.377295491709862 37.105719892651656)","122","Ag Markos Hora","                      622230.670","                     4107199.380","4","http://www.naxos.gov.gr/zoomify_naxos/byzantioum/pages/markos_xora.htm"
"Παναγιά Γιωργιότισσα Καλαντού","124","POINT (25.51231062435356 36.988151726834616)","123","Panagia Giorgiotisa Kalantos","                      634435.690","                     4094338.290","4","http://www.naxos.gov.gr/zoomify_naxos/byzantioum/pages/panagia_giorgiotisa_kalan"
"Αγία Μαρίνα","125","POINT (25.536102529379963 37.118295366314918)","124","Ag Marina","                      636319.850","                     4108811.070","4","http://www.naxos.gov.gr/zoomify_naxos/byzantioum/pages/marina_koronos.htm"
"Άγιος Ιωάννης Θεολόγος Απειράνθου","126","POINT (25.53023931704411 37.079983046634936)","125","Ioannhs Theologos Apeiranthos","                      635867.410","                     4104552.040","4","http://www.naxos.gov.gr/zoomify_naxos/byzantioum/pages/ioannhs_ueologos_appeiran"
"Αγία Παρασκευή - Μιχαήλ","127","POINT (25.523731725443177 37.065799621402782)","126","Ag Paraskevi-Mixahl","                      635314.170","                     4102969.150","4","http://www.naxos.gov.gr/zoomify_naxos/byzantioum/pages/paraskeyh_micahl.htm"
"Άγιος Βασίλειος","128","POINT (25.521801918905656 37.065824398915083)","127","Ag Vasilios Apeiranthos","                      635142.550","                     4102969.150","4","http://www.naxos.gov.gr/zoomify_naxos/byzantioum/pages/basileios_appeiranthos.ht"
"Χριστός Εγγαρές","129","POINT (25.427919687888476 37.111784095939534)","128","Xristos Eggares","                      626719.040","                     4107938.620","4","http://www.naxos.gov.gr/zoomify_naxos/byzantioum/pages/xristos_eggares.htm"
"Άγιος Ιωάννης Ποταμιάς","130","POINT (25.444053596850324 37.068754427583762)","129","Ag Ioannhs Potamia","                      628225.170","                     4103186.370","4","http://www.naxos.gov.gr/zoomify_naxos/byzantioum/pages/potamia_ioannhs.htm"
"Άγιο Πνεύμα Ποταμιάς","131","POINT (25.450118774082693 37.068972461392455)","130","Ag Pnevma Potamia","                      628764.020","                     4103218.770","4","http://www.naxos.gov.gr/zoomify_naxos/byzantioum/pages/agio_pnevma_potamia.htm"
"Αγία Μαρίνα Αγγιδίων","132","POINT (25.402658013192937 37.099819489419851)","131","Ag Marina Aggidia","                      624494.060","                     4106577.750","4","http://www.naxos.gov.gr/zoomify_naxos/byzantioum/pages/marina_aggidia.htm"
"Άγιος Αντώνιος Κάμπονες","133","POINT (25.445879407512397 37.09594710810169)","132","Ag Antonios Kampones","                      628341.580","                     4106205.730","4","http://www.naxos.gov.gr/zoomify_naxos/byzantioum/pages/kampones_antonios.htm"
"Παναγιά Ραχιδιώτισσα","134","POINT (25.484554744607426 37.073154269121645)","133","Panagia Rahidiotisa","                      631818.270","                     4103729.990","4","http://www.naxos.gov.gr/zoomify_naxos/byzantioum/pages/raxidiotisa.htm"
"Άγιος Συμεών Καλόξυλου","135","POINT (25.501141897909772 37.063372754853148)","134","Ag Symeon Kaloxylos","                      633310.000","                     4102667.940","4","http://www.naxos.gov.gr/zoomify_naxos/byzantioum/pages/symeon_kaloxylos.htm"
"Άγιος Δημήτριος Σαγκρίου","136","POINT (25.438633120833742 37.029036020142804)","135","Ag Dhmhtrios Sagri","                      627809.940","                     4098772.530","4","http://www.naxos.gov.gr/zoomify_naxos/byzantioum/pages/ag_dimitrios_sagri.htm"
"Αγιά","137","POINT (25.521297542761562 37.185700204711594)","136","Agia","                      634884.530","                     4116268.270","4","http://www.naxos.gov.gr/zoomify_naxos/byzantioum/pages/agia.htm"
"Άγιοι Θεόδωροι - Θαλέλαιος","138","POINT (25.432349475072911 37.097420171228606)","137","Ag Theodoroi Thalelaios","                      627136.680","                     4106350.940","4","http://www.naxos.gov.gr/zoomify_naxos/byzantioum/pages/Agtheodoroi_thaleleos.htm"
"Άγιος Ακεψιμάς","139","POINT (25.397440776997826 37.02231348470449)","138","Ag Akepsimas","                      624156.830","                     4097972.090","4","http://www.naxos.gov.gr/zoomify_naxos/byzantioum/pages/akepsimas_kastraki.htm"
"Άγιος Αντώνιος Μονοίτσια","140","POINT (25.482509226403376 37.067933758236009)","139","Ag Antonios Monoitsia","                      631645.460","                     4103147.960","4","http://www.naxos.gov.gr/zoomify_naxos/byzantioum/pages/antonios_monoitsia.htm"
"Άγιος Αντώνιος Χώρας","141","POINT (25.374674166880801 37.107892016603422)","140","Ag Antonios Hora","                      621994.250","                     4107436.990","4","http://www.naxos.gov.gr/zoomify_naxos/byzantioum/pages/antonios_xora.htm"
"Παναγιά Αριών","142","POINT (25.486865595553631 37.035234315987246)","141","Panagia Arion","                      632089.500","                     4099526.170","4","http://www.naxos.gov.gr/zoomify_naxos/byzantioum/pages/aria_panagia.htm"
"Άγιος Ιωάννης Θεολόγος Δανακού","143","POINT (25.526475215362129 37.049128274061324)","142","Ioannhs Theologos Danakos","                      635587.790","                     4101123.450","4","http://www.naxos.gov.gr/zoomify_naxos/byzantioum/pages/danakos_ioannhs_theologos"
"Άγιος Δημήτριος Γαλανάδου","144","POINT (25.417941911620517 37.077917601670457)","143","Ag Dhmhtrios Galanado","                      625888.570","                     4104168.020","4","http://www.naxos.gov.gr/zoomify_naxos/byzantioum/pages/dhmhtrios_galanado.htm"
"Άγιος Δημήτριος  Γαλανάδου","145","POINT (25.421756267166089 37.068904749347972)","144","Ag Dhmhtrios Galanado1","                      626242.600","                     4103173.160","4","http://www.naxos.gov.gr/zoomify_naxos/byzantioum/pages/dhmhtrios_galanado001.htm"
"Παναγιά Δροσιανή","146","POINT (25.493458795870346 37.081122563171469)","145","Panagia Drosianh","                      632595.940","                     4104626.440","4","http://www.naxos.gov.gr/zoomify_naxos/byzantioum/pages/drosianh.htm"
"Φανερωμένη","147","POINT (25.465202702962838 37.144979750437471)","146","Faneromenh","                      629974.920","                     4111672.020","4","http://www.naxos.gov.gr/zoomify_naxos/byzantioum/pages/faneromenh.htm"
"Αγία Φωτεινή Καστρακίου","148","POINT (25.401870000181262 37.025484593958609)","147","Ag Foteinh Kastraki","                      624545.660","                     4098329.700","4","http://www.naxos.gov.gr/zoomify_naxos/byzantioum/pages/foteinh_kastraki.htm"
"Άγιος Γεώργιος Αβλιών","149","POINT (25.405482277991993 37.034084634961218)","148","Ag Georgios Avlia","                      624852.890","                     4099288.560","4","http://www.naxos.gov.gr/zoomify_naxos/byzantioum/pages/georgios_avlia.htm"
"Άγιος Γεώργιος Κωμιακής","150","POINT (25.533572549093002 37.146872989117071)","149","Ag Georgios Komiakh","                      636043.830","                     4111978.040","4","http://www.naxos.gov.gr/zoomify_naxos/byzantioum/pages/georgios_komiakh.htm"
"Άγιος Γεώργιος Χαλκείου","151","POINT (25.482143673038987 37.060939916065671)","150","Ag Georgios Halki","                      631625.060","                     4102371.520","4","http://www.naxos.gov.gr/zoomify_naxos/byzantioum/pages/georgios_xalki.htm"
"Άγιος Γεώργιος Χειμάρου","152","POINT (25.470123586832866 37.061954895083055)","151","Ag Georgios Xeimaros","                      630554.570","                     4102467.530","4","http://www.naxos.gov.gr/zoomify_naxos/byzantioum/pages/georgios_xeimaros.htm"
"Άγιος Ιωάννης Απειράνθου","153","POINT (25.463386241850813 37.05201106295911)","152","Ag Ioannis An","                      629972.520","                     4101355.070","4","http://www.naxos.gov.gr/zoomify_naxos/byzantioum/pages/ioannhs.htm"
"Άγιος Ιωάννης Παρατρέχου","154","POINT (25.420995908076456 37.08457663782626)","153","Ag Ioannis paratrehos","                      626149.000","                     4104910.860","4","http://www.naxos.gov.gr/zoomify_naxos/byzantioum/pages/ioannhs_paratrexos.htm"
"Άγιος Ιωάννης Σαγκρίου","155","POINT (25.441165836678831 37.036696005334811)","154","Ag Ioannis Sagkri","                      628022.350","                     4099625.770","4","http://www.naxos.gov.gr/zoomify_naxos/byzantioum/pages/ioannhs_sagkri.htm"
"Άγιος Ιωάννης Θεολόγος Κεραμωτή","156","POINT (25.514011526149215 37.109839776146238)","155","Ioannis Theologos Keramoth","                      634372.090","                     4107841.420","4","http://www.naxos.gov.gr/zoomify_naxos/byzantioum/pages/ioannhs_theologos_keramot"
"Άγιος Ιωάννης Θεολόγος Κναδός","157","POINT (25.426355120821761 37.034787363557356)","156","Ioannis Theologos Knados","                      626708.240","                     4099394.160","4","http://www.naxos.gov.gr/zoomify_naxos/byzantioum/pages/ioannhs_theologos_knados."
"Άγιος Ιωάννης Θεολόγος Μέση","158","POINT (25.547359085752834 37.137110323513902)","157","Ioannis Theologos Mesh","                      637285.930","                     4110914.780","4","http://www.naxos.gov.gr/zoomify_naxos/byzantioum/pages/ioannhss_theologos_mesh.h"
"Άγιος Ισίδωρος Αγγίδια","159","POINT (25.406432946387195 37.087789789497364)","158","Ag Isidoros Aggidia","                      624849.290","                     4105248.080","4","http://www.naxos.gov.gr/zoomify_naxos/byzantioum/pages/isidoros_aggidia.htm"
"Υπαπαντή","160","POINT (25.376735362013012 37.106115782101099)","159","Ypapanth Katholikh","                      622180.260","                     4107242.580","4","http://www.naxos.gov.gr/zoomify_naxos/byzantioum/pages/katholikh_ypapanth.htm"
"Άγιος Κωνσταντίνος Κωμιακής","161","POINT (25.523848995424604 37.137717783962756)","160","Ag Konstantinos Komiakh","                      635196.560","                     4110948.380","4","http://www.naxos.gov.gr/zoomify_naxos/byzantioum/pages/konstantikos_komiakh.htm"
"Άγιος Κωνσταντίνος Βουρβουριάς","162","POINT (25.474917783886756 37.055816325916886)","161","Ag Konstantinos Voyrv","                      630991.400","                     4101793.090","4","http://www.naxos.gov.gr/zoomify_naxos/byzantioum/pages/konstantinos_voyrvoyria.h"
"Αγία Κυριακή Μέσης","163","POINT (25.553410987390773 37.147631299436242)","162","Agia Kyriakh Mesh","                      637804.380","                     4112090.840","4","http://www.naxos.gov.gr/zoomify_naxos/byzantioum/pages/kyriakh_mesh.htm"
"Άγιος Μάμας Ποταμιάς","164","POINT (25.427504928826973 37.061599282941089)","163","Ag Mamas Potamia","                      626765.850","                     4102370.320","4","http://www.naxos.gov.gr/zoomify_naxos/byzantioum/pages/mamas.htm"
"Άγιος Μάμας Μέσης","165","POINT (25.552660048564277 37.138663475623183)","164","Ag Mamas Meshs","                      637753.970","                     4111094.790","4","http://www.naxos.gov.gr/zoomify_naxos/byzantioum/pages/mamas_meshs.htm"
"Άγιος Γεώργιος","166","POINT (25.440281690258843 37.087718790859931)","165","Ag Georgios Melanes","                      627857.940","                     4105285.280","4","http://www.naxos.gov.gr/zoomify_naxos/byzantioum/pages/melanes_georgios.htm"
"Παναγιά Κριτόματη","167","POINT (25.436033982520296 37.098024572936964)","166","Panagia Kritomath","                      627463.110","                     4106422.940","4","http://www.naxos.gov.gr/zoomify_naxos/byzantioum/pages/melanes_panagia_kritomati"
"Αγία Τριάδα","168","POINT (25.584442463962588 37.083132692329897)","167","Ag Triada","                      640679.820","                     4104980.460","4","http://www.naxos.gov.gr/zoomify_naxos/byzantioum/pages/moytsoyna_triada.htm"
"Άγιος Ιωάννης","169","POINT (25.412720659829777 37.070094434781815)","168","Ioannis Mpelonia","                      625437.340","                     4103293.170","4","http://www.naxos.gov.gr/zoomify_naxos/byzantioum/pages/mpelonias_ioannhs.htm"
"Άγιος Νικόλαος Χώρας","170","POINT (25.375029149807187 37.106611586412363)","169","Ag Nikolaos Hora","                      622027.850","                     4107295.390","4","http://www.naxos.gov.gr/zoomify_naxos/byzantioum/pages/nikolaos_choras.htm"
"Άγιος Νικόλαος Μελάνων","171","POINT (25.436486991826325 37.087689108070798)","170","Ag Nikolaos melanes","                      627520.710","                     4105276.880","4","http://www.naxos.gov.gr/zoomify_naxos/byzantioum/pages/nikolaos_melanes.htm"
"Άγιος Νικόλαος Παρατρέχου","172","POINT (25.415474406448933 37.083160763633934)","171","Ag Nikolaos Paratr","                      625660.560","                     4104746.450","4","http://www.naxos.gov.gr/zoomify_naxos/byzantioum/pages/nikolaos_paratrexo.htm"
"Άγιος Νικόλαος Σαγκρίου","173","POINT (25.436847815854584 37.036683482634018)","172","Ag Nikolaos Sagkri","                      627638.320","                     4099618.570","4","http://www.naxos.gov.gr/zoomify_naxos/byzantioum/pages/nikolaos_sagkri.htm"
"Άγιος Νικόλαος Χειμάρου","174","POINT (25.470406019521981 37.059106559819455)","173","Ag Nikolaos Xeimaros","                      630584.570","                     4102151.910","4","http://www.naxos.gov.gr/zoomify_naxos/byzantioum/pages/nikolaos_xeimaros_tsik.ht"
"Άγιος Ιωάννης Οσκέλου","175","POINT (25.401933359842864 37.011313722868962)","174","Ag Ioannis Oskelos","                      624574.460","                     4096757.620","4","http://www.naxos.gov.gr/zoomify_naxos/byzantioum/pages/oskelos_ioannhs.htm"
"Παναγιά Καπέλα","176","POINT (25.376945318430831 37.105778041133377)","175","Panagia Kapela","                      622199.460","                     4107205.380","4","http://www.naxos.gov.gr/zoomify_naxos/byzantioum/pages/panagia_kapela_xora.htm"
"Θεοσκέπαστη Χώρας","177","POINT (25.377010794374314 37.106404711394745)","176","Theoskepasth Hora","                      622204.270","                     4107274.990","4","http://www.naxos.gov.gr/zoomify_naxos/byzantioum/pages/panagia_theoskepasth_xora"
"Παναγίτσα Σαγκρίου","178","POINT (25.449852459562035 37.043631986925249)","177","Panagitsa Sagkri","                      628783.220","                     4100407.020","4","http://www.naxos.gov.gr/zoomify_naxos/byzantioum/pages/panagitsa_sagkri.htm"
"Άγιος Παντελεήμονας Χώρας","179","POINT (25.376191190401205 37.107387687354397)","178","Panteleimonas Hora","                      622129.860","                     4107382.990","4","http://www.naxos.gov.gr/zoomify_naxos/byzantioum/pages/panteleimonas_xora.htm"
"Αγία Παρασκευή Αγγιδίων","180","POINT (25.410183624312594 37.092007008992056)","179","Ag Paraskevh Aggidia","                      625175.710","                     4105720.900","4","http://www.naxos.gov.gr/zoomify_naxos/byzantioum/pages/paraskeyh_aggidia.htm"
"Αγία Παρασκευή Αλυκού","181","POINT (25.395578402987873 36.990555208545842)","180","Ag paraskevh Aliko","                      624042.820","                     4094446.300","4","http://www.naxos.gov.gr/zoomify_naxos/byzantioum/pages/paraskeyh_alyko.htm"
"Αγία Παρασκευή Βουρβουριάς","182","POINT (25.477051496646876 37.057271680796994)","181","Ag paraskevh vour","                      631178.620","                     4101957.500","4","http://www.naxos.gov.gr/zoomify_naxos/byzantioum/pages/paraskeyh_voyrvoyria.htm"
"Άγιος Παντελεήμονας","183","POINT (25.420834256484515 37.090387141089259)","182","Ag Panteleimonas Par","                      626124.990","                     4105555.290","4","http://www.naxos.gov.gr/zoomify_naxos/byzantioum/pages/paratrexo_panteleimonas.h"
"Άγιος Γεώργιος Παρατρέχου","184","POINT (25.416092430843833 37.084451419895657)","183","Ag Georgios Par","                      625713.360","                     4104890.460","4","http://www.naxos.gov.gr/zoomify_naxos/byzantioum/pages/paratrexos_georgios.htm"
"Άγιος Παχόμιος Τσικαλαριού","185","POINT (25.472153410068191 37.069209357101435)","184","Ag Pahomios Tsik","                      630722.580","                     4103275.170","4","http://www.naxos.gov.gr/zoomify_naxos/byzantioum/pages/paxomios_tsikalario.htm"
"Άγιος Ρωμανός Φιλοτίου","186","POINT (25.497037480063067 37.045458016747638)","185","Ag Romanos Filoti","                      632976.370","                     4100674.630","4","http://www.naxos.gov.gr/zoomify_naxos/byzantioum/pages/romanos_filoti.htm"
"Αγία Σοφία Χώρας","187","POINT (25.377649303608489 37.107359936796307)","186","Ag Sofia Hora","                      622259.470","                     4107381.790","4","http://www.naxos.gov.gr/zoomify_naxos/byzantioum/pages/sofia_xora.htm"
"Αγία Θέκλα","188","POINT (25.444107624079592 37.065908929436375)","187","Ag Thekla","                      628234.770","                     4102870.750","4","http://www.naxos.gov.gr/zoomify_naxos/byzantioum/pages/thekla_potamia.htm"
"Τίμιος Σταυρός Απειράνθου","189","POINT (25.542215129648667 37.086015037762238)","188","Timios Stavros Apeir","                      636921.100","                     4105238.480","4","http://www.naxos.gov.gr/zoomify_naxos/byzantioum/pages/stayros_apeirantho.htm"
"Τίμιος Σταυρός Γαλανάδου","190","POINT (25.419225180543741 37.068534863792983)","189","Timios Stavros Gal","                      626018.190","                     4103128.760","4","http://www.naxos.gov.gr/zoomify_naxos/byzantioum/pages/stayros_galanado.htm"
"Τίμιος Σταυρός Χώρας","191","POINT (25.376718348795958 37.107414015717737)","190","Timios Stavros Hora","                      622176.660","                     4107386.590","4","http://www.naxos.gov.gr/zoomify_naxos/byzantioum/pages/stayros_xora.htm"
"Άγιος Στέφανος Παρατρέχου","192","POINT (25.417217474400328 37.08396197648247)","191","Ag Stefanos Par","                      625814.170","                     4104837.650","4","http://www.naxos.gov.gr/zoomify_naxos/byzantioum/pages/stefanos_paratrexos.htm"
"Άγιος Θεόδωρος Μουτσούνας","193","POINT (25.583817541139616 37.066721462607056)","192","Ag Theodoros Moutsouna","                      640654.620","                     4103158.760","4","http://www.naxos.gov.gr/zoomify_naxos/byzantioum/pages/theodoros_moytsoyna.htm"
"Αγίας Θεοδοσίας","194","POINT (25.378145638629885 37.103449333868831)","193","Ag Theodosia","                      622309.870","                     4106948.570","4","http://www.naxos.gov.gr/zoomify_naxos/byzantioum/pages/theodosia.htm"
"Άγιος Χαράλαμπος Απειράνθου","195","POINT (25.554277888182007 37.068442734244478)","194","Ag Xaralampos Apeir","                      638025.190","                     4103306.370","4","http://www.naxos.gov.gr/zoomify_naxos/byzantioum/pages/xaralampos_apeiranthos.ht"
"Ταξιάρχης Χειμάρου","196","POINT (25.470005967440706 37.058657239061432)","195","Taxiarhis Xeimaros","                      630549.770","                     4102101.510","4","http://www.naxos.gov.gr/zoomify_naxos/byzantioum/pages/xeimaros_taxiarxhs.htm"
"Χρυσοπολίτισα","197","POINT (25.376400959097769 37.107785452186405)","196","Xrisopolitisa","                      622147.860","                     4107427.390","4","http://www.naxos.gov.gr/zoomify_naxos/byzantioum/pages/xrisopolitisa.htm"
"Υψιλοτέρα","198","POINT (25.423355256260326 37.129134883856786)","197","Ypsilotera","                      626284.610","                     4109857.520","4","http://www.naxos.gov.gr/zoomify_naxos/byzantioum/pages/ychlotera_ypapanth.htm"
"Αγία  'Αννα Ποταμιάς","199","POINT (25.431905843803801 37.070253739645629)","198","Ag Anna Potamia","                      627142.680","                     4103336.370","4","http://www.naxos.gov.gr/zoomify_naxos/byzantioum/pages/agia_anna_potamia.htm"
"Αγία Κυριακή Εγγαρών","200","POINT (25.448971017493488 37.115758038901497)","199","Ag Kyriakh Eggares","                      628582.800","                     4108407.850","4","http://www.naxos.gov.gr/zoomify_naxos/byzantioum/pages/agia_kyriakh_egkares.htm"
"Θεοκτίστη","201","POINT (25.521851001951426 37.185660648245879)","200","Theoktisth","                      634933.730","                     4116264.670","4","http://www.naxos.gov.gr/zoomify_naxos/byzantioum/pages/agia_theoktisth.htm"
"Άγιος Γεώργιος Κρίνης","202","POINT (25.44267372839068 37.010122370530631)","201","Ag Georgios Krini","                      628201.170","                     4096679.620","4","http://www.naxos.gov.gr/zoomify_naxos/byzantioum/pages/agios_georgios_krini.htm"
"Άγιος Ιωάννης Κεραμίου","203","POINT (25.49059308921893 37.061634515204041)","202","Ag Ioannhs Kerami","                      632375.120","                     4102460.330","4","http://www.naxos.gov.gr/zoomify_naxos/byzantioum/pages/agios_ioannhs_kerami.htm"
"Άγιος Μάμας Ποταμιάς","204","POINT (25.428452840747561 37.06032228176349)","203","Ag Mamas Potamia","                      626852.260","                     4102229.910","4","http://www.naxos.gov.gr/zoomify_naxos/byzantioum/pages/agios_mamas_potamia.htm"
"Άγιος Νικόλαος Ράχης","205","POINT (25.483886408511736 37.065872193730144)","204","Ag Nikolaos Rahi","                      631771.470","                     4102921.150","4","http://www.naxos.gov.gr/zoomify_naxos/byzantioum/pages/agios_nikolaos_raxh.htm"
"Άγιος Ακίνδυνος Σαγκρίου","206","POINT (25.438885648119495 37.038129885607852)","205","Ag Akindynos Sagkri","                      627817.140","                     4099781.780","4","http://www.naxos.gov.gr/zoomify_naxos/byzantioum/pages/akyndinos_katerina.htm"
"Άγιοι Ανάργυροι Σαγκρίου","207","POINT (25.444282056941891 37.048762203546154)","206","Ag Anargyroi Sagkri","                      628279.180","                     4100968.650","4","http://www.naxos.gov.gr/zoomify_naxos/byzantioum/pages/anargyroi_sagkri.htm"
"Αγία Αναστασία","208","POINT (25.440116315504056 37.093962085803128)","207","Ag Anastasia","                      627832.740","                     4105977.720","4","http://www.naxos.gov.gr/zoomify_naxos/byzantioum/pages/anastasia_koyroynoxori.ht"
"Αγία Άννα","209","POINT (25.477917641066558 37.065048980234252)","208","Ag Anna Tsikalario","                      631242.220","                     4102821.550","4","http://www.naxos.gov.gr/zoomify_naxos/byzantioum/pages/anna_tsikalario.htm"
"Άγιος Αντίπας","210","POINT (25.376089828786387 37.106263887217189)","209","Ag Antipas","                      622122.660","                     4107258.180","4","http://www.naxos.gov.gr/zoomify_naxos/byzantioum/pages/antipas_xora.htm"
"Άγιος Αντώνιος Ποταμιάς","211","POINT (25.449857529616875 37.068726883009198)","210","Ag Antonios Potamia","                      628741.210","                     4103191.170","4","http://www.naxos.gov.gr/zoomify_naxos/byzantioum/pages/antonios_potamia.htm"
"Άγιοι Θεόδωροι","212","POINT (25.493344871285014 37.185990977388954)","211","Ag Theodoroi","                      632402.720","                     4116261.070","4","http://www.naxos.gov.gr/zoomify_naxos/byzantioum/pages/theodoroi.htm"
"Άγιος Στέφανος Αριοβέρσας","213","POINT (25.508627414087606 37.004434665551628)","212","Ag Stefanos Arioversa","                      634079.260","                     4096139.590","4","http://www.naxos.gov.gr/zoomify_naxos/byzantioum/pages/ariobesa_stefanos.htm"
"Άγιος Αρτέμιος Απειράνθου","214","POINT (25.572937211098651 37.049689497411869)","213","Ag Artemios Apeir","                      639718.540","                     4101253.060","4","http://www.naxos.gov.gr/zoomify_naxos/byzantioum/pages/artemios_apeiranthos.htm"
"Άγιος Αρτέμιος Σαγκρίου","215","POINT (25.451055528455729 37.047284158334662)","214","Ag Artemios Sagkri","                      628884.030","                     4100813.840","4","http://www.naxos.gov.gr/zoomify_naxos/byzantioum/pages/artemios_sagkri.htm"
"Βαθοκοιλιώτισσα","216","POINT (25.413108832002024 37.094643964104684)","215","Vathokoiliotisa","                      625431.340","                     4106017.320","4","http://www.naxos.gov.gr/zoomify_naxos/byzantioum/pages/bathokoiliotisa.htm"
"Άγιος Βικέντιος","217","POINT (25.527633021609784 37.083986324446407)","216","Ag Vikentios","                      635628.590","                     4104992.460","4","http://www.naxos.gov.gr/zoomify_naxos/byzantioum/pages/bikentios_theotokos.htm"
"Άγιος Βλάσσης","218","POINT (25.440148988260511 37.026432361018983)","217","Ag Vlashs","                      627949.150","                     4098485.710","4","http://www.naxos.gov.gr/zoomify_naxos/byzantioum/pages/blashs.htm"
"Άγιος Δημήτριος Αριά","219","POINT (25.488023789892651 37.038583810775329)","218","Ag Dhmhtrios Aria","                      632186.700","                     4099899.390","4","http://www.naxos.gov.gr/zoomify_naxos/byzantioum/pages/dhmhtrios_aria.htm"
"Άγιος Δημήτριος Κινυδάρου","220","POINT (25.47534986229082 37.115724712468221)","219","Ag Dhmhtrios Kynidaros","                      630926.600","                     4108440.250","4","http://www.naxos.gov.gr/zoomify_naxos/byzantioum/pages/dhmhtrios_kynidaros.htm"
"Αγιά Δωριά","221","POINT (25.429603932096196 37.021670651682271)","220","Agia Doria","                      627019.070","                     4097943.280","4","http://www.naxos.gov.gr/zoomify_naxos/byzantioum/pages/doria.htm"
"Άγιος Ελευθέριος","222","POINT (25.469584498304172 37.041701768900658)","221","Ag Eleytherios","                      630541.370","                     4100219.810","4","http://www.naxos.gov.gr/zoomify_naxos/byzantioum/pages/eleytherios_damarionas.ht"
"Αγία Εύρεση","223","POINT (25.56235650310278 37.118730993846079)","222","Ag Evresh","                      638651.650","                     4108897.470","4","http://www.naxos.gov.gr/zoomify_naxos/byzantioum/pages/eyresh_argokoilh.htm"
"Άγιος Φανούριος","224","POINT (25.416388036992409 37.03863857273334)","223","Ag Fanourios","                      625815.370","                     4099808.180","4","http://www.naxos.gov.gr/zoomify_naxos/byzantioum/pages/fanoyrios_myronas_sagkri."
"Άγιος Φωκάς","225","POINT (25.54458598343269 37.19007156598083)","224","Ag Fokas","                      636943.900","                     4116786.700","4","http://www.naxos.gov.gr/zoomify_naxos/byzantioum/pages/fokas.htm"
"Φραγκοκκλησιά","226","POINT (25.459986618089921 37.066871946841523)","225","Fragoklhsia","                      629644.890","                     4102999.160","4","http://www.naxos.gov.gr/zoomify_naxos/byzantioum/pages/fragkoklhsia.htm"
"Άγιος Γεώργιος Καλόξυλου","227","POINT (25.498094088843569 37.073806126234068)","226","Ag Georgios Kaloxylo","                      633020.770","                     4103821.200","4","http://www.naxos.gov.gr/zoomify_naxos/byzantioum/pages/geogios_kaloxylo.htm"
"Άγιος Γεώργιος Απειράνθου","228","POINT (25.526555499297057 37.083437765921857)","227","Ag Georgios Apeir","                      635533.790","                     4104930.060","4","http://www.naxos.gov.gr/zoomify_naxos/byzantioum/pages/georgi_apeiranthos.htm"
"Άγιος Γεώργιος Απαλήρου","229","POINT (25.453083896835285 37.010676782267424)","228","Ag Georgios Apalhroy","                      629126.450","                     4096755.220","4","http://www.naxos.gov.gr/zoomify_naxos/byzantioum/pages/georgios_apalhroy_kastro."
"Άγιος Γεώργιος Απειράνθου","230","POINT (25.527517874575807 37.091029417385109)","229","Ag Georgios Apeir","                      635605.790","                     4105773.700","4","http://www.naxos.gov.gr/zoomify_naxos/byzantioum/pages/georgios_apeirant.htm"
"Άγιος Γεώργιος Απειράνθου","231","POINT (25.52283139753451 37.064653862763649)","230","Ag Georgios Apeiran","                      635236.160","                     4102840.750","4","http://www.naxos.gov.gr/zoomify_naxos/byzantioum/pages/georgios_apeiranthos.htm"
"Άγιος Γεώργιος Αθαλασσάς","232","POINT (25.409778892470179 36.992053204098767)","231","Ag Georgios Athalassa","                      625304.130","                     4094631.110","4","http://www.naxos.gov.gr/zoomify_naxos/byzantioum/pages/georgios_athalasa.htm"
"Άγιος Γεώργιος Δαμαριώνα","233","POINT (25.467271794282304 37.042833649169793)","232","Ag Georgios Damarionas","                      630333.750","                     4100342.210","4","http://www.naxos.gov.gr/zoomify_naxos/byzantioum/pages/georgios_damarionas.htm"
"Άγιος Γεώργιος Καλαντού","234","POINT (25.505363629245203 36.988023712958082)","233","Ag Georgios kalantos","                      633817.640","                     4094314.290","4","http://www.naxos.gov.gr/zoomify_naxos/byzantioum/pages/georgios_distomo_kalantos"
"Άγιος Γεώργιος Κάστρου","235","POINT (25.46104259305536 37.067032001980245)","234","Ag Georgios Kastro","                      629738.500","                     4103018.360","4","http://www.naxos.gov.gr/zoomify_naxos/byzantioum/pages/georgios_kastro.htm"
"Άγιος Γεώργιος Κλειδός","236","POINT (25.556565557142775 36.992739190237309)","235","Ag Georgios Kleidos","                      638366.020","                     4094910.720","4","http://www.naxos.gov.gr/zoomify_naxos/byzantioum/pages/georgios_kleidos.htm"
"Άγιος Γεώργιος Μαραθού","237","POINT (25.473259272094179 37.006306755178763)","236","Ag Georgios Marathos","                      630929.000","                     4096297.990","4","http://www.naxos.gov.gr/zoomify_naxos/byzantioum/pages/georgios_maratho.htm"
"Άγιος Γεώργιος Μέσης","238","POINT (25.571934981540512 37.167776117555235)","237","Ag Georgios Mesh","                      639412.510","                     4114352.970","4","http://www.naxos.gov.gr/zoomify_naxos/byzantioum/pages/georgios_mesh.htm"
"Άγιος Γεώργιος Μουτσούνας","239","POINT (25.587365047009328 37.07825859245191)","238","Ag Georgios Moutsouna","                      640948.640","                     4104444.030","4","http://www.naxos.gov.gr/zoomify_naxos/byzantioum/pages/georgios_moytsoyna.htm"
"Άγιος Γεώργιος Οσκέλου","240","POINT (25.401393955068251 37.010584582221874)","239","Ag Georgios Oskelos","                      624527.660","                     4096676.020","4","http://www.naxos.gov.gr/zoomify_naxos/byzantioum/pages/georgios_oskelos.htm"
"Άγιος Γεώργιος Ψιλής Άμμου","241","POINT (25.561963873703352 37.01074304378934)","240","Ag Georgios Ps Ammos","                      638813.660","                     4096916.030","4","http://www.naxos.gov.gr/zoomify_naxos/byzantioum/pages/georgios_plili_ammos.htm"
"Άγιος Γεώργιος Σαγκρίου","242","POINT (25.442346832426296 37.046341100482344)","241","Ag Georgios Sagkri","                      628111.160","                     4100697.430","4","http://www.naxos.gov.gr/zoomify_naxos/byzantioum/pages/georgios_sagkri.htm"
"Άγιος Γεώργιος Σαγκρίου","243","POINT (25.438674622458549 37.034811673335547)","242","Ag Georgios Sag","                      627803.940","                     4099413.360","4","http://www.naxos.gov.gr/zoomify_naxos/byzantioum/pages/georgios_sagr.htm"
"Άγιος Γεώργιος Σίφωνες","244","POINT (25.511502460639054 37.091645756883018)","243","Ag Georgios Sifones","                      634181.270","                     4105819.310","4","http://www.naxos.gov.gr/zoomify_naxos/byzantioum/pages/georgios_sifones.htm"
"Άγιος Γεώργιος Σκεπόνι","245","POINT (25.495330090943892 37.141293568326041)","244","Ag Georgios Skeponi","                      632657.140","                     4111304.800","4","http://www.naxos.gov.gr/zoomify_naxos/byzantioum/pages/georgios_skeponi.htm"
"Άγιος Γεώργιος Ύρια","246","POINT (25.379694673383725 37.076410904774612)","245","Ag Georgios Yria","                      622491.090","                     4103950.810","4","http://www.naxos.gov.gr/zoomify_naxos/byzantioum/pages/georgios_yria.htm"
"Άγιος Γεώργιος Δανακού","247","POINT (25.51149834115634 37.044506695400187)","246","Ag Georgios Danakos","                      634264.080","                     4100589.430","4","http://www.naxos.gov.gr/zoomify_naxos/byzantioum/pages/gevrgios_danakos.htm"
"Γλησίδη (Εκκλησίδη)","248","POINT (25.555160614208653 37.019756161355183)","247","Glhsidi","                      638192.010","                     4097906.080","4","http://www.naxos.gov.gr/zoomify_naxos/byzantioum/pages/glhsidh.htm"
"Προφήτης Ηλίας Απειράνθου","249","POINT (25.525420767683265 37.071954254736475)","248","Profhths Hlias Apeir","                      635453.380","                     4103654.390","4","http://www.naxos.gov.gr/zoomify_naxos/byzantioum/pages/hlias_apeiranthos.htm"
"Προφήτης Ηλίας Ποταμιάς","250","POINT (25.440699108628944 37.064825406570606)","249","P Hlias Potamia","                      627933.550","                     4102745.940","4","http://www.naxos.gov.gr/zoomify_naxos/byzantioum/pages/hlias_potamia.htm"
"Προφήτης Ηλίας Απειράνθου","251","POINT (25.5700204822815 37.056813011641509)","250","P Hlias Apeir","                      639446.110","                     4102039.100","4","http://www.naxos.gov.gr/zoomify_naxos/byzantioum/pages/hlias_ropikh_apeiranthos."
"Προφήτης Ηλίας Σαγκρίου","252","POINT (25.448408550199812 37.052151629127984)","251","P Hlias Sagkri","                      628640.410","                     4101350.270","4","http://www.naxos.gov.gr/zoomify_naxos/byzantioum/pages/hlias_sagri.htm"
"Χριστός Εγγαρών","253","POINT (25.43569379508056 37.117206699491177)","252","Xristos Eggares","                      627400.700","                     4108550.650","4","http://www.naxos.gov.gr/zoomify_naxos/byzantioum/pages/xristos_eggares1.htm"
"Άγιος Θεόδωρος","254","POINT (25.387007852650772 37.080641464299021)","253","Ag Theodoros","                      623134.340","                     4104429.630","4","http://www.naxos.gov.gr/zoomify_naxos/byzantioum/pages/theodoros.htm"
"Χριστός Μεταμόρφωση","255","POINT (25.458422251832872 37.066242132807794)","254","Xristos Metamorfosh","                      629506.880","                     4102927.150","4","http://www.naxos.gov.gr/zoomify_naxos/byzantioum/pages/xristos_metamorfosh.htm"
"Άγιος Ιωάννης Σπεδού","256","POINT (25.487759019208724 36.968948337440985)","255","Ag Ioannhs Spedo","                      632283.910","                     4092173.370","4","http://www.naxos.gov.gr/zoomify_naxos/byzantioum/pages/ioannhs_spedo.htm"
"Άγιος Ισίδωρος Ατσιπάπι","257","POINT (25.563250303708326 37.113592178407174)","256","Ag Isidoros Atsipapi","                      638740.450","                     4108328.640","4","http://www.naxos.gov.gr/zoomify_naxos/byzantioum/pages/isidoros_atsipapi.htm"
"Αγία Θέκλα Δαμαλά","258","POINT (25.467212787591286 37.048880997645739)","257","Ag Thekla Damalas","                      630318.150","                     4101013.050","4","http://www.naxos.gov.gr/zoomify_naxos/byzantioum/pages/thekla_damalas.htm"
"Άγιος Κήρυκος ","259","POINT (25.44043035829657 37.067035356887281)","258","Ag Khrykos","                      627905.940","                     4102990.760","4","http://www.naxos.gov.gr/zoomify_naxos/byzantioum/pages/khrykos_potamia.htm"
"Άγιος Κωνσταντίνος","260","POINT (25.396162433488968 37.045336012559602)","259","Ag Konstantinos","                      624005.620","                     4100524.620","4","http://www.naxos.gov.gr/zoomify_naxos/byzantioum/pages/konstantinos_orkos.htm"
"Αγία Κυριακή Καλονή","261","POINT (25.54354827991688 37.09382885346453)","260","Ag Kyriakh Kalonh","                      637025.510","                     4106107.320","4","http://www.naxos.gov.gr/zoomify_naxos/byzantioum/pages/kyriakh_apeiranthos_kalon"
"Αγία Κυριακή Ποταμιάς","262","POINT (25.446177397778794 37.068988138299268)","261","Ag Kyriakh Potamia","                      628413.590","                     4103215.170","4","http://www.naxos.gov.gr/zoomify_naxos/byzantioum/pages/kyriakh_potamia.htm"
"Άγιος Μάμας Απειράνθου","263","POINT (25.547359737299136 37.084044214217407)","262","Ag Mamas Apeirant","                      637381.940","                     4105027.260","4","http://www.naxos.gov.gr/zoomify_naxos/byzantioum/pages/mamas_apeiranthos.htm"
"Άγιος Μάμας Ψιλής Άμμου","264","POINT (25.563587814805757 37.024826596888751)","263","Ag Mamas Psili Ammos","                      638932.470","                     4098480.910","4","http://www.naxos.gov.gr/zoomify_naxos/byzantioum/pages/mamas_plili_ammos.htm"
"Αγία Μαρίνα Μπαούζι","265","POINT (25.426994790617162 37.014887426174397)","264","Ag Marina Mpaouzi","                      626798.250","                     4097187.240","4","http://www.naxos.gov.gr/zoomify_naxos/byzantioum/pages/marina_mpaoyzi.htm"
"Αγία Μαρίνα Πετρονιά","266","POINT (25.517088428164101 36.992439150069345)","265","Ag Marina Petronia","                      634853.330","                     4094820.720","4","http://www.naxos.gov.gr/zoomify_naxos/byzantioum/pages/marina_petronia.htm"
"Αγία Μαρίνα Ποταμιάς","267","POINT (25.439585955585656 37.064492804139441)","266","Ag Marina Potamia","                      627835.140","                     4102707.540","4","http://www.naxos.gov.gr/zoomify_naxos/byzantioum/pages/marina_potamia.htm"
"Αγία Μαρίνα Σαγκρίου","268","POINT (25.443918301037957 37.048799080513362)","267","Ag Marina Sagkri","                      628246.770","                     4100972.250","4","http://www.naxos.gov.gr/zoomify_naxos/byzantioum/pages/marina_sagkri.htm"
"Αγία Μαρίνα Σκεπόνι","269","POINT (25.491663520988091 37.143102872668116)","268","Ag Marina Skeponi","                      632328.320","                     4111500.410","4","http://www.naxos.gov.gr/zoomify_naxos/byzantioum/pages/marina_skeponi.htm"
"Αγία Μαρίνα Τραγαίας","270","POINT (25.483287497203015 37.066312331356635)","269","Ag Marina Tragaia","                      631717.460","                     4102969.150","4","http://www.naxos.gov.gr/zoomify_naxos/byzantioum/pages/marina_tragaia.htm"
"Άγιος Ματθαίος Γλινάδου","271","POINT (25.389623683200675 37.078977497494591)","270","Ag Mattheos Glinado","                      623369.560","                     4104248.420","4","http://www.naxos.gov.gr/zoomify_naxos/byzantioum/pages/mattheos_glinado.htm"
"Άγιος Ματθαίος Πλάκας","272","POINT (25.384399357500211 37.051520546138072)","271","Ag Mattheos Plaka","                      622949.530","                     4101195.460","4","http://www.naxos.gov.gr/zoomify_naxos/byzantioum/pages/mattheos_plaka.htm"
"Άγιος Νικόλαος Κωμιακής","273","POINT (25.532186979949021 37.137804971952917)","272","Ag Nikolaos Komiakh","                      635937.020","                     4110969.980","4","http://www.naxos.gov.gr/zoomify_naxos/byzantioum/pages/nikolaos_komiakh.htm"
"Άγιος Νικόλαος Μονής","274","POINT (25.49618180688131 37.07472809501003)","273","Ag Nikolaos Monh","                      632849.160","                     4103920.810","4","http://www.naxos.gov.gr/zoomify_naxos/byzantioum/pages/nikolaos_monh.htm"
"Άγιος Νικόλαος Σαγκρίου","275","POINT (25.417571095148077 37.042756531202258)","274","Ag Nikolaos Sagkri","                      625913.780","                     4100266.610","4","http://www.naxos.gov.gr/zoomify_naxos/byzantioum/pages/nikolaos_sagkri1.htm"
"Άγιος Νικόλαος Τορεντίνο","276","POINT (25.434024803670997 37.047285750760594)","275","Ag Nikolaos Torentino","                      627369.500","                     4100791.040","4","http://www.naxos.gov.gr/zoomify_naxos/byzantioum/pages/nikolaos_torentino_sagkri"
"Άγιος Θαλέλαιος Τσικαλαριού","277","POINT (25.47240676443959 37.069747019816354)","276","Ag Thalelaios Tsikal","                      630744.180","                     4103335.170","4","http://www.naxos.gov.gr/zoomify_naxos/byzantioum/pages/thaleleos_tsikalario.htm"
"Παναγιά Αριοβέρσα","278","POINT (25.510794088721411 36.999420554228955)","277","Panagia Arioversa","                      634280.880","                     4095586.360","4","http://www.naxos.gov.gr/zoomify_naxos/byzantioum/pages/panagia_ariobesa_kalantos"
"Χρυσοπηγή","279","POINT (25.525121211373005 37.057669327702918)","278","Xrysophgh","                      635452.180","                     4102069.110","4","http://www.naxos.gov.gr/zoomify_naxos/byzantioum/pages/xrysophgh.htm"
"Παναγιά Αθαλασσάς","280","POINT (25.414763384811206 36.990328084588334)","279","Panagia Athalassa","                      625750.560","                     4094446.300","4","http://www.naxos.gov.gr/zoomify_naxos/byzantioum/pages/panagia_athalasa.htm"
"Παναγιά Δαμιώτισα","281","POINT (25.488458137832346 37.069114009337817)","280","Panagia Damiotisa","                      632172.300","                     4103287.170","4","http://www.naxos.gov.gr/zoomify_naxos/byzantioum/pages/Panagia_Damiotisa.htm"
"Παναγιά Καλοξύλου","282","POINT (25.496180327414155 37.07190492659926)","281","Panagia Kaloxylos","                      632853.960","                     4103607.590","4","http://www.naxos.gov.gr/zoomify_naxos/byzantioum/pages/panagia_kalojilos.htm"
"Παναγιά Καστριανή","283","POINT (25.459866414350547 37.06693832354707)","282","Panagia Kastrianh","                      629634.090","                     4103006.360","4","http://www.naxos.gov.gr/zoomify_naxos/byzantioum/pages/panagia_kastrianh.htm"
"Παναγιά Κερρά","284","POINT (25.571144579261503 37.103439251356377)","283","Panagia Kerra","                      639460.520","                     4107213.780","4","http://www.naxos.gov.gr/zoomify_naxos/byzantioum/pages/panagia_kerra_argokoilh.h"
"Παναγιά Μεσοσπορίτισσα","285","POINT (25.471238466775919 37.00013383101313)","284","Panagia Mesosporitisa","                      630759.780","                     4095610.360","4","http://www.naxos.gov.gr/zoomify_naxos/byzantioum/pages/panagia_mesosporitisa.htm"
"Παναγιά Νιφιότισσα","286","POINT (25.480499391032513 37.083978461055089)","285","Panagia Nifiotisa","                      631439.040","                     4104925.260","4","http://www.naxos.gov.gr/zoomify_naxos/byzantioum/pages/panagia_nifiotisa.htm"
"Παναγιά Ορφανή","287","POINT (25.441689729361386 37.050124134075311)","286","Panagia Orfanh","                      628046.360","                     4101116.250","4","http://www.naxos.gov.gr/zoomify_naxos/byzantioum/pages/panagia_ofanh_sagkri.htm"
"Παναγιά Πυργιότισσα","288","POINT (25.520179137632518 36.995958320415696)","287","Panagia Pyriotisa","                      635122.150","                     4095215.540","4","http://www.naxos.gov.gr/zoomify_naxos/byzantioum/pages/panagia_pyrgiotisa.htm"
"Παναγιά Σαγκρίου","289","POINT (25.438787123416418 37.03862871837601)","288","Panagia Sagkri","                      627807.540","                     4099836.990","4","http://www.naxos.gov.gr/zoomify_naxos/byzantioum/pages/panagia_Sagkri.htm"
"Αγία Θεοδοσία","290","POINT (25.51346138513167 37.037353373350257)","289","Ag Theodosia","                      634451.290","                     4099798.580","4","http://www.naxos.gov.gr/zoomify_naxos/byzantioum/pages/theodosia1.htm"
"Παναγιά ","291","POINT (25.361598673590535 37.08968674038416)","290","Panagia Stelida","                      620861.350","                     4105400.480","4","http://www.naxos.gov.gr/zoomify_naxos/byzantioum/pages/panagia_stelida.htm"
"Παναγιά Χρυσοκαρδιώτισσα","292","POINT (25.442102083831227 37.113948886917179)","291","Panagia Xrysokardiotisa","                      627975.550","                     4108197.840","4","http://www.naxos.gov.gr/zoomify_naxos/byzantioum/pages/panagia_xrysokardiotisa_e"
"Άγιος Παντελεήμονας","293","POINT (25.4826229420215 37.059214066673576)","292","Ag Pantelehmonas","                      631670.660","                     4102180.710","4","http://www.naxos.gov.gr/zoomify_naxos/byzantioum/pages/panteleimonas.htm"
"Άγιοι Πάντες","294","POINT (25.371371998902525 37.069303342648979)","293","Ag Pantes","                      621762.630","                     4103151.560","4","http://www.naxos.gov.gr/zoomify_naxos/byzantioum/pages/pantes.htm"
"Αγία Παρασκευή Κεραμίου","295","POINT (25.493534581672236 37.061586695489176)","294","Ag Paraskevi Kerami","                      632636.740","                     4102459.130","4","http://www.naxos.gov.gr/zoomify_naxos/byzantioum/pages/paraskeyh_kerami.htm"
"Απόστολος Πάυλος Κλειδό","296","POINT (25.529005566379663 36.99561779651178)","295","Ap Pavlos Kleido","                      635908.220","                     4095190.340","4","http://www.naxos.gov.gr/zoomify_naxos/byzantioum/pages/paylos_klido.htm"
"Άγιος Πολύκαρπος","297","POINT (25.513478386518337 36.989240188664489)","296","Ag Polykarpos","                      634537.700","                     4094460.700","4","http://www.naxos.gov.gr/zoomify_naxos/byzantioum/pages/polykarpos_kalantos.htm"
"Άγιος Σαλούκος","298","POINT (25.366864044184904 37.076115921376463)","297","Ag Saloukos","                      621350.990","                     4103901.600","4","http://www.naxos.gov.gr/zoomify_naxos/byzantioum/pages/saloukos.htm"
"Σάντα Μαρία ","299","POINT (25.388232107215142 37.093726321449012)","298","Santa Maria","                      623221.950","                     4105882.910","4","http://www.naxos.gov.gr/zoomify_naxos/byzantioum/pages/santa_maria.htm"
"Σαντοπροτοριανή","300","POINT (25.516998719078476 37.065929197036418)","299","Santoprotorianh","                      634715.320","                     4102973.950","4","http://www.naxos.gov.gr/zoomify_naxos/byzantioum/pages/santoprotorianh.htm"
"Αγία Σοφία Μουτσόυνα","301","POINT (25.592364584884969 37.081696118608107)","300","Ag Sofia Moutsouna","                      641386.680","                     4104832.850","4","http://www.naxos.gov.gr/zoomify_naxos/byzantioum/pages/sofia_moytsoyna.htm"
"Σωτήρας Σκεπόνι","302","POINT (25.490488371013797 37.13417236377461)","301","Sothras Skeponi","                      632239.510","                     4110507.960","4","http://www.naxos.gov.gr/zoomify_naxos/byzantioum/pages/sothras_skeponi.htm"
"Άγιος Σώζος Βαθή","303","POINT (25.433890962468766 36.924504293505734)","302","Ag Sozos Vathi","                      627562.720","                     4087169.100","4","http://www.naxos.gov.gr/zoomify_naxos/byzantioum/pages/sozos.htm"
"Άγιος Σπυρίδονας","304","POINT (25.483448091903899 37.064850142733015)","303","Ag Spyridonas","                      631734.270","                     4102807.150","4","http://www.naxos.gov.gr/zoomify_naxos/byzantioum/pages/spyridonas_theoskepasth.h"
"Τίμιος Σταυρός Κινυδάρου","305","POINT (25.471104786405867 37.096675162410314)","304","Stavros Kinydarou","                      630582.170","                     4106320.930","4","http://www.naxos.gov.gr/zoomify_naxos/byzantioum/pages/stayros_kynidaroy.htm"
"Άγιος Στέφανος","306","POINT (25.392216180004674 37.0996613368374)","305","Ag Stefanos","                      623566.380","                     4106546.550","4","http://www.naxos.gov.gr/zoomify_naxos/byzantioum/pages/stefanos.htm"
"Ζωοδόχος Πηγή Πανόρμου","307","POINT (25.540771990142879 36.959186040125111)","306","Zoodohos Phgh Panormos","                      637020.710","                     4091165.320","4","http://www.naxos.gov.gr/zoomify_naxos/byzantioum/pages/zoodoxos_phgh_panormos.ht"
"Ταξιάρχης Ποταμιάς","308","POINT (25.440941429889779 37.068359541599882)","307","Taxiarhis Potamia","                      627949.150","                     4103138.360","4","http://www.naxos.gov.gr/zoomify_naxos/byzantioum/pages/taxiarhis_potamia.htm"
"Ταξιάρχης Απειράνθου","309","POINT (25.522154073331041 37.07196377946174)","308","Taxiarhis Apeir","                      635162.950","                     4103650.790","4","http://www.naxos.gov.gr/zoomify_naxos/byzantioum/pages/taxiarxhs_apeiranthos.htm"
